{
  "fold_results": [
    {
      "train_loss": [
        1.9184068202972413,
        1.6716217041015624,
        1.5591485738754272,
        1.4639893531799317,
        1.380987024307251,
        1.306332802772522,
        1.2278791666030884,
        1.1645965576171875,
        1.1063297510147094,
        1.0561329126358032,
        1.0124772310256958,
        0.9737871527671814,
        0.9370585441589355,
        0.9045315742492676,
        0.8717842936515808,
        0.8466625094413758,
        0.8251030802726745,
        0.8029484152793884,
        0.7836690425872803,
        0.7600036859512329,
        0.7455648422241211,
        0.7288614869117737,
        0.7149606108665466,
        0.6973824143409729,
        0.6845353126525879,
        0.6659600138664246,
        0.6492957353591919,
        0.6283594608306885,
        0.611215341091156,
        0.5970293283462524,
        0.580409848690033,
        0.5577165722846985,
        0.5400910377502441,
        0.5216312170028686,
        0.49386586546897887,
        0.4719079613685608,
        0.45363733172416687,
        0.4283486008644104,
        0.3953021466732025,
        0.36764112710952757,
        0.35588651299476626,
        0.3525494635105133,
        0.3364169657230377,
        0.3044858694076538,
        0.30032776296138763,
        0.2639381617307663,
        0.25640949606895447,
        0.23108137547969818
      ],
      "val_loss": [
        1.8350039720535278,
        1.6323673129081726,
        1.5682909190654755,
        1.4814248383045197,
        1.5874850749969482,
        1.4328818619251251,
        1.280037134885788,
        1.1497317254543304,
        1.0900903642177582,
        1.0096601247787476,
        0.9801068603992462,
        0.9165476858615875,
        0.926334872841835,
        0.9030740559101105,
        0.896315336227417,
        0.9260624498128891,
        0.8784166127443314,
        0.8602494895458221,
        0.8128015249967575,
        0.7943629622459412,
        0.7672358453273773,
        0.7438924312591553,
        0.7304533869028091,
        0.7382054626941681,
        0.6913857609033585,
        0.6935320198535919,
        0.6648642271757126,
        0.6602846831083298,
        0.64071024954319,
        0.5877211391925812,
        0.6167663633823395,
        0.6082493811845779,
        0.6038573682308197,
        0.4986966848373413,
        0.4648207426071167,
        0.5447260439395905,
        0.4279494136571884,
        0.46248919516801834,
        0.3853679522871971,
        0.4504143074154854,
        0.4586920663714409,
        0.37427815049886703,
        0.3816150650382042,
        0.4661918804049492,
        0.36837703734636307,
        0.3183208182454109,
        0.2236974872648716,
        0.3907862901687622
      ],
      "val_dice": [
        0.18130338191986084,
        0.20633122324943542,
        0.21446587145328522,
        0.22479334473609924,
        0.2117861807346344,
        0.23141828179359436,
        0.253107413649559,
        0.2745843976736069,
        0.28225086629390717,
        0.29506292939186096,
        0.2995723932981491,
        0.3122706115245819,
        0.31213973462581635,
        0.3203080892562866,
        0.3238815814256668,
        0.3199855387210846,
        0.32296985387802124,
        0.33092355728149414,
        0.33854687213897705,
        0.350942999124527,
        0.3620343804359436,
        0.36887234449386597,
        0.374546080827713,
        0.3716384470462799,
        0.3918585777282715,
        0.3909623920917511,
        0.39980393648147583,
        0.3967568874359131,
        0.41190409660339355,
        0.4573001563549042,
        0.42346930503845215,
        0.45227280259132385,
        0.45079970359802246,
        0.5349466353654861,
        0.5584490895271301,
        0.5010268986225128,
        0.591310128569603,
        0.5688631534576416,
        0.633180633187294,
        0.586231142282486,
        0.5802379250526428,
        0.6390873789787292,
        0.6379186809062958,
        0.5579763352870941,
        0.6557467877864838,
        0.6992487460374832,
        0.7862130552530289,
        0.6459823697805405
      ]
    },
    {
      "train_loss": [
        1.7829518795013428,
        1.577774667739868,
        1.4510318756103515,
        1.3772035837173462,
        1.3233680725097656,
        1.2718398571014404,
        1.2190813541412353,
        1.1768481731414795,
        1.1324753522872926,
        1.0953604936599732,
        1.0598670721054078,
        1.024815034866333,
        0.9839500188827515,
        0.9508272051811218,
        0.9175929307937623,
        0.8916953206062317,
        0.8629025101661683,
        0.8372266411781311,
        0.8147192239761353,
        0.7920035004615784,
        0.7762901186943054,
        0.7576029539108277,
        0.736972451210022,
        0.7209148049354553,
        0.6997993946075439,
        0.679598355293274,
        0.6663500308990479,
        0.6480700254440308,
        0.6290077328681946,
        0.6049960136413575,
        0.5815707921981812,
        0.5634839534759521,
        0.5396704316139221,
        0.5230067908763886,
        0.49569122195243837,
        0.47269355654716494,
        0.45777117013931273,
        0.4229459047317505,
        0.395433646440506,
        0.3617169916629791,
        0.329476934671402,
        0.29413560032844543,
        0.27736160159111023,
        0.2504283279180527,
        0.23621064126491548,
        0.2065637856721878,
        0.1905526638031006,
        0.16970051527023317,
        0.16082874238491057,
        0.14976465106010436
      ],
      "val_loss": [
        1.7814287841320038,
        1.97978875041008,
        2.2480257153511047,
        1.3190528452396393,
        1.3407510221004486,
        1.236206591129303,
        1.1845924258232117,
        1.095134049654007,
        1.0129031985998154,
        0.9463635832071304,
        0.9335586726665497,
        1.0378950238227844,
        0.9754654318094254,
        0.9383975267410278,
        0.9202519357204437,
        0.9266271591186523,
        0.9104107469320297,
        0.8717089295387268,
        0.8595153391361237,
        0.833776518702507,
        0.7907901853322983,
        0.7562459260225296,
        0.7343679219484329,
        0.7265350520610809,
        0.7225813865661621,
        0.7029018104076385,
        0.7133419215679169,
        0.6669144183397293,
        0.6587319523096085,
        0.6423993110656738,
        0.6576059013605118,
        0.6080304831266403,
        0.6274928599596024,
        0.5983731597661972,
        0.5631881803274155,
        0.531111016869545,
        0.6023668050765991,
        0.5899107158184052,
        0.4605463594198227,
        0.4135117009282112,
        0.4037499353289604,
        0.43853405863046646,
        0.403274729847908,
        0.3936418741941452,
        0.3669966086745262,
        0.3451249301433563,
        0.3224473297595978,
        0.28434501588344574,
        0.282993882894516,
        0.2695571109652519
      ],